2026-09-01 15:43:47	ops-20260828	WARN	reports/ops-20260828/2026-09-01T0404Z__ops-20260828__validation.md	reports/ops-20260828/2026-09-01T0404Z__ops-20260828__validation.json
2026-09-02 11:53:55	ops-20260828	WARN	reports/ops-20260828/2026-09-02T0337Z__ops-20260828__validation.md	reports/ops-20260828/2026-09-02T0337Z__ops-20260828__validation.json
2026-09-03 06:31:46	ops-20260828	WARN	reports/ops-20260828/2026-09-02T2231Z__ops-20260828__validation.md	reports/ops-20260828/2026-09-02T2231Z__ops-20260828__validation.json
2026-09-04 06:26:14	ops-20260828	WARN	reports/ops-20260828/2026-09-04T0625+0800__ops-20260828__validation.md	reports/ops-20260828/2026-09-04T0625+0800__ops-20260828__validation.json
2026-09-04 18:28:39	ops-20260904	-	reports/ops-20260904/2026-09-04T1823+0800__ops-20260904__validation.md	reports/ops-20260904/2026-09-04T1823+0800__ops-20260904__validation.json
2026-09-05 06:14:30	ops-20260904	-	reports/ops-20260904/2026-09-05T060118__daily_no_rebuild.md	-
2026-09-06 06:29:00	ops-20260904	WARN	reports/ops-20260904/2026-09-06T0626+0800__ops-20260904__validation.md	reports/ops-20260904/2026-09-06T0626+0800__ops-20260904__validation.json
2026-09-07 06:10:25	ops-20260904	-	reports/ops-20260904/2026-09-07T060353__daily_no_rebuild.md	-
2026-09-08 06:37:18	ops-20260904	WARN	reports/ops-20260904/2026-09-08T0636+0800__ops-20260904__validation.md	reports/ops-20260904/2026-09-08T0636+0800__ops-20260904__validation.json
2026-09-09 06:46:18	ops-20260908	WARN	reports/ops-20260908/2026-09-09T0645+0800__ops-20260908__validation.md	reports/ops-20260908/2026-09-09T0645+0800__ops-20260908__validation.json
2026-09-10 17:31:35	ops-20260908	WARN	reports/ops-20260908/2026-09-10T1639+0800__ops-20260908__validation.md	reports/ops-20260908/2026-09-10T1639+0800__ops-20260908__validation.json
2026-09-11 05:55:59	ops-20260908	WARN	reports/ops-20260908/2026-09-11T0555+0800__ops-20260908__validation.md	reports/ops-20260908/2026-09-11T0555+0800__ops-20260908__validation.json
2026-09-12 05:56:35	ops-20260908	WARN	reports/ops-20260908/2026-09-12T0549+0800__ops-20260908__validation.md	reports/ops-20260908/2026-09-12T0549+0800__ops-20260908__validation.json
2026-09-13 05:53:43	ops-20260908	WARN	reports/ops-20260908/2026-09-13T0552+0800__ops-20260908__validation.md	reports/ops-20260908/2026-09-13T0552+0800__ops-20260908__validation.json
2026-09-14 05:49:28	ops-20260908	WARN	reports/ops-20260908/2026-09-14T0548+0800__ops-20260908__validation.md	reports/ops-20260908/2026-09-14T0548+0800__ops-20260908__validation.json
2026-09-15 06:35:16	ops-20260914	WARN	reports/ops-20260914/2026-09-15T0629+0800__ops-20260914__validation.md	reports/ops-20260914/2026-09-15T0629+0800__ops-20260914__validation.json
2026-09-16 06:27:30	ops-20260914	WARN	reports/ops-20260914/2026-09-16T0621+0800__ops-20260914__validation.md	reports/ops-20260914/2026-09-16T0621+0800__ops-20260914__validation.json
2026-09-17 12:28:30	main	WARN	reports/main/2026-09-17T1227+0800__main__validation.md	reports/main/2026-09-17T1227+0800__main__validation.json
2026-09-18 06:48:03	main	WARN	reports/main/2026-09-18T0645+0800__main__validation.md	reports/main/2026-09-18T0645+0800__main__validation.json
2026-09-19 06:46:03	main	WARN	reports/main/2026-09-19T0644+0800__main__validation.md	reports/main/2026-09-19T0644+0800__main__validation.json
2026-09-20 06:41:13	main	WARN	reports/main/2026-09-20T0640+0800__main__validation.md	reports/main/2026-09-20T0640+0800__main__validation.json
2026-09-21 07:02:43	main	WARN	reports/main/2026-09-21T0702+0800__main__validation.md	reports/main/2026-09-21T0702+0800__main__validation.json
2026-09-21 14:36:48	main	WARN	reports/main/2026-09-21T1214+0800__main__validation.md	reports/main/2026-09-21T1214+0800__main__validation.json
2026-09-22 00:27:49	main	WARN	reports/main/2026-09-22T0027+0800__main__validation.md	reports/main/2026-09-22T0027+0800__main__validation.json
2026-09-22 04:08:15	main	WARN	reports/main/2026-09-22T0405+0800__main__validation.md	reports/main/2026-09-22T0405+0800__main__validation.json
2026-09-22 07:11:55	main	WARN	reports/main/2026-09-22T0707+0800__main__validation.md	reports/main/2026-09-22T0707+0800__main__validation.json
2026-09-23 12:09:41	main	WARN	reports/main/2026-09-23T1209+0800__main__validation.md	reports/main/2026-09-23T1209+0800__main__validation.json
2026-09-24 05:03:52	main	WARN	reports/main/2026-09-24T0503+0800__main__validation.md	reports/main/2026-09-24T0503+0800__main__validation.json
2026-09-25 05:14:59	main	WARN	reports/main/2026-09-25T0514+0800__main__validation.md	reports/main/2026-09-25T0514+0800__main__validation.json
2026-09-26 05:13:20	main	WARN	reports/main/2026-09-26T0507+0800__main__validation.md	reports/main/2026-09-26T0507+0800__main__validation.json
2026-09-27 03:21:09	main	-	reports/main/2026-09-27T030011__daily_no_rebuild.md	-
2026-09-28 03:03:36	main	-	reports/main/2026-09-28T030123__daily_no_rebuild.md	-
2026-09-29 04:45:28	main	WARN	reports/main/2026-09-29T0438+0800__main__validation.md	reports/main/2026-09-29T0438+0800__main__validation.json
2026-09-30 11:40:07	main	OK	reports/main/2026-09-30T1128+0800__main__validation.md	reports/main/2026-09-30T1128+0800__main__validation.json
2026-09-30 13:15:04	main	OK	reports/main/2026-09-30T1313+0800__main__validation.md	reports/main/2026-09-30T1313+0800__main__validation.json
2026-10-01 04:23:37	main	WARN	reports/main/2026-10-01T0420+0800__main__validation.md	reports/main/2026-10-01T0420+0800__main__validation.json
2026-10-02 03:08:51	main	-	reports/main/2026-10-02T030342__daily_no_rebuild.md	-
2026-10-03 03:05:40	main	-	reports/main/2026-10-03T030233__daily_no_rebuild.md	-
2026-10-04 03:02:33	main	-	reports/main/2026-10-04T030044__daily_no_rebuild.md	-
2026-10-05 04:30:13	main	OK	reports/main/2026-10-05T0429+0800__main__validation.md	reports/main/2026-10-05T0429+0800__main__validation.json
2026-10-06 04:37:22	main	WARN	reports/main/2026-10-06T0436+0800__main__validation.md	reports/main/2026-10-06T0436+0800__main__validation.json
2026-10-07 04:32:58	main	WARN	reports/main/2026-10-07T0429+0800__main__validation.md	reports/main/2026-10-07T0429+0800__main__validation.json
2026-10-08 04:32:39	main	WARN	reports/main/2026-10-08T0431+0800__main__validation.md	reports/main/2026-10-08T0431+0800__main__validation.json
2026-10-09 04:34:54	main	OK	reports/main/2026-10-09T0431+0800__main__validation.md	reports/main/2026-10-09T0431+0800__main__validation.json
2026-10-10 16:09:01	main	OK	reports/main/2026-10-10T1554+0800__main__validation.md	reports/main/2026-10-10T1554+0800__main__validation.json
2026-10-11 04:57:10	main	WARN	reports/main/2026-10-11T0456+0800__main__validation.md	reports/main/2026-10-11T0456+0800__main__validation.json
