2026-09-20 08:02:48	main	99	7	6	2	4	microbench-reports/main/2026-09-20T0801+0800__microbench-guard.md	microbench-reports/main/2026-09-20T0801+0800__microbench-guard.json
2026-09-19 08:05:44	main	99	7	6	2	4	microbench-reports/main/2026-09-19T0805+0800__microbench-guard.md	microbench-reports/main/2026-09-19T0805+0800__microbench-guard.json
2026-09-18 08:03:50	main	99	7	6	2	4	microbench-reports/main/2026-09-18T0802+0800__microbench-guard.md	microbench-reports/main/2026-09-18T0802+0800__microbench-guard.json
2026-09-17 14:36:48	main	99	7	6	2	4	microbench-reports/main/2026-09-17T1435+0800__microbench-guard.md	microbench-reports/main/2026-09-17T1435+0800__microbench-guard.json
2026-09-16 08:06:41	ops-20260914	101	7	7	2	1	microbench-reports/ops-20260914/2026-09-16T0806+0800__microbench-guard.md	microbench-reports/ops-20260914/2026-09-16T0806+0800__microbench-guard.json
2026-09-15 08:04:49	ops-20260914	101	7	7	2	1	microbench-reports/ops-20260914/2026-09-15T0804+0800__microbench-guard.md	microbench-reports/ops-20260914/2026-09-15T0804+0800__microbench-guard.json
2026-09-14 08:02:50	ops-20260908	100	7	7	1	3	microbench-reports/ops-20260908/2026-09-14T0801+0800__microbench-guard.md	microbench-reports/ops-20260908/2026-09-14T0801+0800__microbench-guard.json
2026-09-13 08:05:50	ops-20260908	100	7	7	1	3	microbench-reports/ops-20260908/2026-09-13T0804+0800__microbench-guard.md	microbench-reports/ops-20260908/2026-09-13T0804+0800__microbench-guard.json
2026-09-12 08:03:52	ops-20260908	100	7	7	1	3	microbench-reports/ops-20260908/2026-09-12T0802+0800__microbench-guard.md	microbench-reports/ops-20260908/2026-09-12T0802+0800__microbench-guard.json
2026-09-11 08:06:52	ops-20260908	81	10	7	1	19	microbench-reports/ops-20260908/2026-09-11T0805+0800__microbench-guard.md	microbench-reports/ops-20260908/2026-09-11T0805+0800__microbench-guard.json
2026-09-10 08:03:58	ops-20260908	80	10	7	1	19	microbench-reports/ops-20260908/2026-09-10T0802+0800__microbench-guard.md	microbench-reports/ops-20260908/2026-09-10T0802+0800__microbench-guard.json
2026-09-09 08:05:35	ops-20260908	80	10	6	2	19	microbench-reports/ops-20260908/2026-09-09T0803+0800__microbench-guard.md	microbench-reports/ops-20260908/2026-09-09T0803+0800__microbench-guard.json
2026-09-08 08:12:30	ops-20260904	73	11	4	2	26	microbench-reports/ops-20260904/2026-09-08T0804+0800__microbench-guard.md	microbench-reports/ops-20260904/2026-09-08T0804+0800__microbench-guard.json
2026-09-07 21:37:21	ops-20260904	73	11	4	2	26	microbench-reports/ops-20260904/2026-09-07T2126+0800__microbench-guard.md	microbench-reports/ops-20260904/2026-09-07T2126+0800__microbench-guard.json
2026-09-06 08:07:29	ops-20260904	82	13	4	3	29	microbench-reports/ops-20260904/2026-09-06T0807+0800__microbench-guard.md	microbench-reports/ops-20260904/2026-09-06T0807+0800__microbench-guard.json
2026-09-05 08:01:50	ops-20260904	82	13	4	9	23	microbench-reports/ops-20260904/2026-09-05T0801+0800__microbench-guard.md	microbench-reports/ops-20260904/2026-09-05T0801+0800__microbench-guard.json
2026-09-04 18:38:18	ops-20260904	82	13	4	9	23	microbench-reports/ops-20260904/2026-09-04T1834+0800__microbench-guard.md	microbench-reports/ops-20260904/2026-09-04T1834+0800__microbench-guard.json
2026-09-03 21:33:00	ops-20260828	101	11	4	2	8	microbench-reports/ops-20260828/2026-09-03T2133+0800__microbench-guard.md	microbench-reports/ops-20260828/2026-09-03T2133+0800__microbench-guard.json
